catalyst_id,bulk_formula,adsorbate_smiles,adsorption_energy,surface_shift
random1641067,Hf40Co20Tc20H,CCH,-1.24984,0.025
random1789563,Co24As48H6C2,OHCH2CH3,-4.18635,0.027
random1945862,Hf24Co24Ge24H,NNO,0.748906,0.043
random652326,Co24H4CSe48C,OHCH3,-1.56493,0.125
random1659932,Y24Ga8Co24H3,COHCHOH,-3.17147,0.348
random1990773,Y16Al72Co24H2,OH2,-0.265311,0.226
random897888,Co24Si24Mo24H,COCHO,-1.58604,0.301
